Date,Name,Year,Letterboxd URI
2023-10-20,Equinox Flower,1958,https://boxd.it/2lkY
2023-10-20,Late Autumn,1960,https://boxd.it/1Bf4
2023-10-20,Early Summer,1951,https://boxd.it/E4G
2023-10-20,The King of Comedy,1982,https://boxd.it/2aJS
2023-10-20,The Sacrifice,1986,https://boxd.it/1xg8
2023-10-20,Andrei Rublev,1966,https://boxd.it/29lg
2023-10-20,Mirror,1975,https://boxd.it/28Q8
2023-10-20,Battleship Potemkin,1925,https://boxd.it/29Vo
2023-10-20,Rashomon,1950,https://boxd.it/2a9K
2023-10-20,Ran,1985,https://boxd.it/1Tlu
2023-10-20,Ikiru,1952,https://boxd.it/251c
2023-10-20,Dreams,1990,https://boxd.it/1ROu
2023-10-20,Sanjuro,1962,https://boxd.it/1TaQ
2023-10-20,Kagemusha,1980,https://boxd.it/1SGG
2023-10-20,Dersu Uzala,1975,https://boxd.it/1XRO
2023-10-20,I Live in Fear,1955,https://boxd.it/1BOo
2023-10-20,Dodes'ka-den,1970,https://boxd.it/1fVs
2023-10-20,The Idiot,1951,https://boxd.it/1x0O
2023-10-20,Marathon Man,1976,https://boxd.it/1W4c
2023-10-20,3:10 to Yuma,2007,https://boxd.it/23g0
2023-10-20,True Grit,2010,https://boxd.it/Sog
2023-10-20,Dog Day Afternoon,1975,https://boxd.it/29bg
2023-10-20,Network,1976,https://boxd.it/1VqG
2023-10-20,Serpico,1973,https://boxd.it/1ZjE
2023-10-20,The Verdict,1982,https://boxd.it/1y3Y
2023-10-20,The Godfather,1972,https://boxd.it/2aNK
2023-10-20,The Godfather Part II,1974,https://boxd.it/2aNq
2023-10-20,2001: A Space Odyssey,1968,https://boxd.it/2bf0
2023-10-20,The Birds,1963,https://boxd.it/2a6m
2023-10-20,Dial M for Murder,1954,https://boxd.it/2adW
2023-10-20,The Man Who Knew Too Much,1934,https://boxd.it/20uI
2023-10-20,Trainspotting,1996,https://boxd.it/29XY
2023-10-20,The Shining,1980,https://boxd.it/29Nu
2023-10-20,A Clockwork Orange,1971,https://boxd.it/2aVE
2023-10-20,Eyes Wide Shut,1999,https://boxd.it/2axs
2023-10-20,Paths of Glory,1957,https://boxd.it/29b6
2023-10-20,Lolita,1962,https://boxd.it/29Ag
2023-10-20,Manhattan,1979,https://boxd.it/29Na
2023-10-20,Café Society,2016,https://boxd.it/bhEy
2023-10-20,Hannah and Her Sisters,1986,https://boxd.it/23jy
2023-10-20,Crimes and Misdemeanors,1989,https://boxd.it/1Ty4
2023-10-20,Manhattan Murder Mystery,1993,https://boxd.it/1Wg8
2023-10-20,Deconstructing Harry,1997,https://boxd.it/26xe
2023-10-20,Stardust Memories,1980,https://boxd.it/1U66
2023-10-20,Vicky Cristina Barcelona,2008,https://boxd.it/23rW
2023-10-20,New York Stories,1989,https://boxd.it/1Y3q
2023-10-20,Nightcrawler,2014,https://boxd.it/780m
2023-10-20,Natural Born Killers,1994,https://boxd.it/2aNg
2023-10-20,A Streetcar Named Desire,1951,https://boxd.it/29Mc
2023-10-20,On the Waterfront,1954,https://boxd.it/29TC
2023-10-20,The Wild One,1953,https://boxd.it/1p0G
2023-10-20,A Face in the Crowd,1957,https://boxd.it/2lyc
2023-10-20,There Will Be Blood,2007,https://boxd.it/20Z2
2023-10-20,Punch-Drunk Love,2002,https://boxd.it/20E4
2023-10-20,Magnolia,1999,https://boxd.it/2aze
2023-10-20,The Master,2012,https://boxd.it/2cBG
2023-10-20,Gangs of New York,2002,https://boxd.it/25FG
2023-10-20,In the Name of the Father,1993,https://boxd.it/20I6
2023-10-20,My Left Foot: The Story of Christy Brown,1989,https://boxd.it/1WW4
2023-10-20,Scarface,1932,https://boxd.it/29oa
2023-10-20,Sunset Boulevard,1950,https://boxd.it/2a20
2023-10-20,Some Like It Hot,1959,https://boxd.it/2aNA
2023-10-20,The Seven Year Itch,1955,https://boxd.it/1VIK
2023-10-20,"One, Two, Three",1961,https://boxd.it/2ap4
2023-10-20,Taxi Driver,1976,https://boxd.it/2b8y
2023-10-20,The Departed,2006,https://boxd.it/28MA
2023-10-20,The Lady from Shanghai,1947,https://boxd.it/251Q
2023-10-20,Chimes at Midnight,1965,https://boxd.it/299k
2023-10-20,Sabrina,1954,https://boxd.it/21tc
2023-10-20,Amadeus,1984,https://boxd.it/2aH8
2023-10-20,Man on the Moon,1999,https://boxd.it/281k
2023-10-20,The Strange Love of Martha Ivers,1946,https://boxd.it/1sFC
2023-10-20,Lawrence of Arabia,1962,https://boxd.it/2wRE
2023-10-20,The Untouchables,1987,https://boxd.it/2b6i
2023-10-20,Carrie,1976,https://boxd.it/20ZQ
2023-10-20,Carlito's Way,1993,https://boxd.it/226e
2023-10-20,Gangs Of The City,1941,https://boxd.it/c3lu
2023-10-20,The Imaginarium of Doctor Parnassus,2009,https://boxd.it/20DA
2023-10-20,Fear and Loathing in Las Vegas,1998,https://boxd.it/27Xs
2023-10-20,Brazil,1985,https://boxd.it/2be2
2023-10-20,The Fisher King,1991,https://boxd.it/2aWM
2023-10-20,The Adventures of Baron Munchausen,1988,https://boxd.it/1NXs
2023-10-20,Erik the Viking,1989,https://boxd.it/1SZy
2023-10-20,Clockwise,1986,https://boxd.it/1SIW
2023-10-20,The Naked Island,1960,https://boxd.it/2520
2023-10-20,The Tin Drum,1979,https://boxd.it/29SO
2023-10-20,PlayTime,1967,https://boxd.it/1WLK
2023-10-20,Monsieur Hulot's Holiday,1953,https://boxd.it/29E8
2023-10-20,Trafic,1971,https://boxd.it/1TZu
2023-10-20,Jour de Fête,1949,https://boxd.it/243Q
2023-10-20,Parade,1974,https://boxd.it/jSq
2023-10-20,School for Postmen,1946,https://boxd.it/2uAG
2023-10-20,Floating Weeds,1959,https://boxd.it/LZu
2023-10-20,Dear Summer Sister,1972,https://boxd.it/3yg8
2023-10-20,Oldboy,2003,https://boxd.it/29R2
2023-10-20,Guillermo del Toro's Pinocchio,2022,https://boxd.it/kjMW
2023-10-20,Lady and the Tramp,1955,https://boxd.it/1Wv8
2023-10-20,Who Killed Cock Robin?,1935,https://boxd.it/3Gwe
2023-10-20,Bongo,1947,https://boxd.it/4BqC
2023-10-20,Beau Is Afraid,2023,https://boxd.it/u2gE
2023-10-20,Midsommar,2019,https://boxd.it/jhxe
2023-10-20,The Menu,2022,https://boxd.it/lScm
2023-10-20,The French Connection,1971,https://boxd.it/296g
2023-10-20,A Time to Kill,1996,https://boxd.it/28pc
2023-10-20,Castle in the Sky,1986,https://boxd.it/1W4G
2023-10-20,Nausicaä of the Valley of the Wind,1984,https://boxd.it/2bc6
2023-10-20,Boro the Caterpillar,2018,https://boxd.it/ipeW
2023-10-20,The Deer Hunter,1978,https://boxd.it/1T6O
2023-10-20,Parasite,2019,https://boxd.it/hTha
2023-10-20,Snowpiercer,2013,https://boxd.it/3Icg
2023-10-20,Memories of Murder,2003,https://boxd.it/1TSo
2023-10-20,Un Chien Andalou,1929,https://boxd.it/29Y8
2023-10-20,Breathless,1960,https://boxd.it/2aIK
2023-10-20,The Little Shop of Horrors,1960,https://boxd.it/1xDm
2023-10-20,Come and See,1985,https://boxd.it/1w9q
2023-10-20,Being John Malkovich,1999,https://boxd.it/2ahu
2023-10-20,American Psycho,2000,https://boxd.it/28Vs
2023-10-20,Requiem for a Dream,2000,https://boxd.it/29VI
2023-10-20,Mulholland Drive,2001,https://boxd.it/297o
2023-10-20,Paprika,2006,https://boxd.it/23wW
2023-10-20,The Red Turtle,2016,https://boxd.it/bdkE
2023-10-20,Do the Right Thing,1989,https://boxd.it/29gA
2023-10-20,Fight Club,1999,https://boxd.it/2a9q
2023-10-20,The Elephant Man,1980,https://boxd.it/27LQ
2023-10-20,When Harry Met Sally...,1989,https://boxd.it/29W2
2023-10-20,Stand by Me,1986,https://boxd.it/2aOe
2023-10-20,E.T. the Extra-Terrestrial,1982,https://boxd.it/2a1G
2023-10-20,La Haine,1995,https://boxd.it/2as8
2023-10-20,The Graduate,1967,https://boxd.it/18Im
2023-10-20,"Paris, Texas",1984,https://boxd.it/29Ts
2023-10-20,Whiplash,2014,https://boxd.it/7bQA
2023-10-20,Jurassic Park,1993,https://boxd.it/2aA2
2023-10-20,Cinema Paradiso,1988,https://boxd.it/1UlA
2023-10-20,Gone with the Wind,1939,https://boxd.it/29Fq
2023-10-20,Dead Poets Society,1989,https://boxd.it/2aSg
2023-10-20,La Dolce Vita,1960,https://boxd.it/2anC
2023-10-20,Little Miss Sunshine,2006,https://boxd.it/29EW
2023-10-20,Midnight Cowboy,1969,https://boxd.it/25Hi
2023-10-20,The Wild Bunch,1969,https://boxd.it/2a5y
2023-10-20,"Dr. Mabuse, the Gambler",1922,https://boxd.it/22dE
2023-10-20,Greed,1924,https://boxd.it/28Pa
2023-10-20,Man with a Movie Camera,1929,https://boxd.it/1u7s
2023-10-20,The Big Sleep,1946,https://boxd.it/29iQ
2023-10-20,It's a Wonderful Life,1946,https://boxd.it/28xA
2023-10-20,Summer with Monika,1953,https://boxd.it/JZC
2023-10-20,The Ladykillers,1955,https://boxd.it/230w
2023-10-20,The Man with the Golden Arm,1955,https://boxd.it/2aaI
2023-10-20,Invasion of the Body Snatchers,1956,https://boxd.it/1TAa
2023-10-20,L'Argent,1983,https://boxd.it/XIg
2023-10-20,Mouchette,1967,https://boxd.it/28Bs
2023-10-20,The Wrong Man,1956,https://boxd.it/1AqK
2023-10-20,Wild Strawberries,1957,https://boxd.it/29ZU
2023-10-20,To Kill a Mockingbird,1962,https://boxd.it/2a2E
2023-10-20,Blow-Up,1966,https://boxd.it/2966
2023-10-20,Once Upon a Time in America,1984,https://boxd.it/2aCs
2023-10-20,Silent Movie,1976,https://boxd.it/1UXO
2023-10-20,Mean Streets,1973,https://boxd.it/2aSU
2023-10-20,Amarcord,1973,https://boxd.it/20NA
2023-10-20,The Conversation,1974,https://boxd.it/2a38
2023-10-20,Chinatown,1974,https://boxd.it/29vU
2023-10-20,All the President's Men,1976,https://boxd.it/29lU
2023-10-20,Babette's Feast,1987,https://boxd.it/1SYU
2023-10-20,The Silence of the Lambs,1991,https://boxd.it/2aHW
2023-10-20,Thelma & Louise,1991,https://boxd.it/28Ew
2023-10-20,Bram Stoker's Dracula,1992,https://boxd.it/223a
2023-10-20,Yi Yi,2000,https://boxd.it/1vCw
2023-10-20,The Secret of Kells,2009,https://boxd.it/1sMI
2023-10-20,Song of the Sea,2014,https://boxd.it/3Ic6
2023-10-20,Cheatin',2013,https://boxd.it/6KlK
2023-10-20,Kubo and the Two Strings,2016,https://boxd.it/a4wE
2023-10-20,The Tale of The Princess Kaguya,2013,https://boxd.it/4JQI
2023-11-02,The Offence,1973,https://boxd.it/1gPq
2023-11-02,Murder on the Orient Express,1974,https://boxd.it/24IY
2023-11-02,Before the Devil Knows You're Dead,2007,https://boxd.it/20Jy
2023-11-10,Sound in the Mist,1956,https://boxd.it/rPtc
2023-11-10,The Tragedy of Bushido,1960,https://boxd.it/b4TA
2023-11-10,A Dog's Will,2000,https://boxd.it/12u4
2023-11-10,Il Sorpasso,1962,https://boxd.it/1y7Q
2023-11-10,Her,2013,https://boxd.it/4O24
2023-11-10,Hiroshima Mon Amour,1959,https://boxd.it/22WY
2023-11-16,The Holdovers,2023,https://boxd.it/vHza
2023-11-19,The Secret of NIMH,1982,https://boxd.it/1Tc8
2023-11-19,Wolfwalkers,2020,https://boxd.it/fGrC
2023-11-19,Primal Fear,1996,https://boxd.it/28ws
2023-11-19,Sleuth,1972,https://boxd.it/298c
2023-11-19,Peeping Tom,1960,https://boxd.it/1Utk
2023-11-19,The Arrangement,1969,https://boxd.it/I38
2023-11-25,Harlem Nights,1989,https://boxd.it/1Zcy
2023-11-25,The Horse Thief,1986,https://boxd.it/XWs
2023-11-25,The Man Who Knew Too Much,1956,https://boxd.it/2a5S
2023-11-25,Spellbound,1945,https://boxd.it/24Ji
2023-11-25,The Lady Vanishes,1938,https://boxd.it/29ea
2023-11-25,Rebecca,1940,https://boxd.it/2aQa
2023-11-25,The Lodger: A Story of the London Fog,1927,https://boxd.it/26m6
2023-11-25,Fantastic Planet,1973,https://boxd.it/1KnQ
2023-11-25,Il turno,1981,https://boxd.it/es6o
2023-11-25,The Stranger,1967,https://boxd.it/1jl4
2023-11-25,Rocco and His Brothers,1960,https://boxd.it/20bG
2023-11-25,The Killers,1946,https://boxd.it/1NGc
2023-11-25,The Seventh Seal,1957,https://boxd.it/2ahO
2023-11-25,What We Do in the Shadows,2014,https://boxd.it/7eQy
2023-11-25,Frankenweenie,1984,https://boxd.it/1eFy
2023-11-25,Love and Death,1975,https://boxd.it/1TeS
2023-11-25,Barton Fink,1991,https://boxd.it/2aFQ
2023-11-25,The Lobster,2015,https://boxd.it/7tnw
2023-11-25,You Were Never Really Here,2017,https://boxd.it/dWOS
2023-11-25,Shoplifters,2018,https://boxd.it/ifY6
2023-11-25,Lava,2014,https://boxd.it/8S9G
2023-11-25,Paterson,2016,https://boxd.it/cRk2
2023-11-25,Piper,2016,https://boxd.it/dZaG
2023-11-25,"His Motorbike, Her Island",1986,https://boxd.it/9uk8
2023-11-26,The Outsiders,1983,https://boxd.it/2aPw
2023-11-26,La Jetée,1962,https://boxd.it/29Sk
2023-12-01,Louvre City,1990,https://boxd.it/4Lfu
2023-12-01,Je Tu Il Elle,1974,https://boxd.it/3gWK
2023-12-01,Bullet Train,2022,https://boxd.it/qW26
2023-12-03,Silence,2016,https://boxd.it/2cAo
2023-12-03,The Revenant,2015,https://boxd.it/8H5e
2023-12-03,Prisoners,2013,https://boxd.it/4E5i
2023-12-03,Inside Llewyn Davis,2013,https://boxd.it/34Ro
2023-12-03,Our Little Sister,2015,https://boxd.it/abBm
2023-12-03,The Turin Horse,2011,https://boxd.it/2Qsk
2023-12-03,The Lighthouse,2019,https://boxd.it/icFU
2023-12-03,Faces Places,2017,https://boxd.it/g7ck
2023-12-03,Still Walking,2008,https://boxd.it/1wvm
2023-12-03,The Lovers on the Bridge,1991,https://boxd.it/26li
2023-12-03,The Cranes Are Flying,1957,https://boxd.it/169Y
2023-12-03,Fallen Angels,1995,https://boxd.it/1UkW
2023-12-03,Eternity and a Day,1998,https://boxd.it/1wSq
2023-12-03,Mauvais Sang,1986,https://boxd.it/5c6
2023-12-03,Cure,1997,https://boxd.it/1blA
2023-12-03,Possession,1981,https://boxd.it/1BPm
2023-12-03,Grave of the Fireflies,1988,https://boxd.it/1RUM
2023-12-03,Landscape in the Mist,1988,https://boxd.it/JRy
2023-12-03,Maborosi,1995,https://boxd.it/1G9U
2023-12-04,The Gentlemen,2019,https://boxd.it/iYBQ
2023-12-04,Kramer vs. Kramer,1979,https://boxd.it/h0w
2023-12-04,Tell No One,2006,https://boxd.it/1Vns
2023-12-04,Le Trou,1960,https://boxd.it/1nSw
2023-12-04,Persona,1966,https://boxd.it/29B4
2023-12-04,Sansho the Bailiff,1954,https://boxd.it/1Dkq
2023-12-04,City Lights,1931,https://boxd.it/29ki
2023-12-04,Bicycle Thieves,1948,https://boxd.it/23hW
2023-12-04,La Notte,1961,https://boxd.it/10iU
2023-12-04,Who's Afraid of Virginia Woolf?,1966,https://boxd.it/2atK
2023-12-04,Sweet Smell of Success,1957,https://boxd.it/29aW
2023-12-04,Underground,1995,https://boxd.it/1SOA
2023-12-04,Happy Together,1997,https://boxd.it/1Ha0
2023-12-04,The Bridge on the River Kwai,1957,https://boxd.it/29wo
2023-12-04,Make Way for Tomorrow,1937,https://boxd.it/10hC
2023-12-04,Ritual,2000,https://boxd.it/14z6
2023-12-04,Ugetsu,1953,https://boxd.it/1NyM
2023-12-04,Street of Shame,1956,https://boxd.it/UWO
2023-12-04,Army of Shadows,1969,https://boxd.it/1Mli
2023-12-04,Autumn Sonata,1978,https://boxd.it/1Rio
2023-12-04,Cléo from 5 to 7,1962,https://boxd.it/2agm
2023-12-04,Bullet Ballet,1998,https://boxd.it/1uMg
2023-12-04,The Color of Pomegranates,1969,https://boxd.it/1u94
2023-12-04,Beau Travail,1999,https://boxd.it/1NI8
2023-12-08,Hand Catching Lead,1968,https://boxd.it/8BIa
2023-12-11,Being There,1979,https://boxd.it/1WxS
2023-12-11,The Party,1968,https://boxd.it/1VnC
2023-12-18,Unbreakable,2000,https://boxd.it/1XV2
2023-12-18,Anatomy of a Fall,2023,https://boxd.it/yuDE
2023-12-18,The Prince of Egypt,1998,https://boxd.it/1XGQ
2023-12-18,Uncut Gems,2019,https://boxd.it/gXGc
2023-12-19,Napoleon,1927,https://boxd.it/WEC
2023-12-20,The House Is Black,1963,https://boxd.it/STe
2023-12-22,"Germany, Year Zero",1948,https://boxd.it/20FG
2023-12-23,Brick,2005,https://boxd.it/1Z6A
2023-12-26,The Blues Brothers,1980,https://boxd.it/2adi
2023-12-26,Waking Sleeping Beauty,2009,https://boxd.it/JOE
2024-01-03,Rosemary's Baby,1968,https://boxd.it/29zM
2024-01-08,The Square,2017,https://boxd.it/e5YW
2024-01-14,Larceny,1996,https://boxd.it/gj4C
2024-01-16,Town Without Pity,1961,https://boxd.it/3gig
2024-01-16,Exodus,1960,https://boxd.it/27O6
2024-01-16,The Fixer,1968,https://boxd.it/35YU
2024-01-21,Locke,2013,https://boxd.it/6hHC
2024-01-21,Russian Ark,2002,https://boxd.it/1JQM
2024-01-21,The Human Condition I: No Greater Love,1959,https://boxd.it/1jAy
2024-01-21,The Human Condition II: Road to Eternity,1959,https://boxd.it/1dJa
2024-01-21,The Human Condition III: A Soldier's Prayer,1961,https://boxd.it/1dIQ
2024-01-21,A Woman Under the Influence,1974,https://boxd.it/1myg
2024-01-21,Scenes from a Marriage,1974,https://boxd.it/4kJC
2024-01-21,The Handmaiden,2016,https://boxd.it/948A
2024-01-21,Manhunter,1986,https://boxd.it/1TOw
2024-01-21,Before Sunrise,1995,https://boxd.it/2bcU
2024-01-21,Before Sunset,2004,https://boxd.it/2bcg
2024-01-21,Before Midnight,2013,https://boxd.it/4ive
2024-01-21,Ordet,1955,https://boxd.it/Jiy
2024-01-21,Modern Times,1936,https://boxd.it/25MC
2024-01-21,A Special Day,1977,https://boxd.it/Xqc
2024-01-24,Interstellar,2014,https://boxd.it/4VZ8
2024-01-29,Dallas Buyers Club,2013,https://boxd.it/4O8G
2024-02-18,The Tribe,2014,https://boxd.it/8aqe
2024-04-17,Reality,2014,https://boxd.it/5txC
2024-04-17,Yannick,2023,https://boxd.it/G2es
2024-04-17,Deerskin,2019,https://boxd.it/lqOW
2024-04-17,Daaaaaalí!,2023,https://boxd.it/DzQe
2024-04-29,Joy Street,1995,https://boxd.it/60a2
2024-05-31,A Trip to Mars,1918,https://boxd.it/263y
2024-06-23,Donnie Brasco,1997,https://boxd.it/1YRA
2024-06-28,Mad Max: Fury Road,2015,https://boxd.it/2DjO
2024-07-18,The Funeral,1984,https://boxd.it/XL0
2024-07-18,Perfect Days,2023,https://boxd.it/ATh8
2024-08-10,Life Is Cheap... But Toilet Paper Is Expensive,1989,https://boxd.it/6qfi
2024-08-25,Nouvelle Vague,1990,https://boxd.it/1gFU
2024-08-25,Mr. Klein,1976,https://boxd.it/jgw
2024-08-25,Purple Noon,1960,https://boxd.it/1WrU
2024-08-26,'Round Midnight,1986,https://boxd.it/1NC0
2024-09-27,Eastern Promises,2007,https://boxd.it/275q
2025-01-07,The Navigator,1924,https://boxd.it/1hh0
2025-01-07,Freaks,1932,https://boxd.it/2b3o
2025-01-07,I Walk Alone,1947,https://boxd.it/1sFi
2025-01-07,Floating Clouds,1955,https://boxd.it/2FLU
2025-01-07,Summer Clouds,1958,https://boxd.it/3Yes
2025-01-07,The Stranger Within a Woman,1966,https://boxd.it/4r8o
2025-01-07,The Munekata Sisters,1950,https://boxd.it/sp8
2025-01-07,La Strada,1954,https://boxd.it/2asi
2025-01-07,Smiles of a Summer Night,1955,https://boxd.it/1TcM
2025-01-07,Princess Yang Kwei-fei,1955,https://boxd.it/3d8W
2025-01-07,Early Spring,1956,https://boxd.it/1DkA
2025-01-07,The Great Escape,1963,https://boxd.it/22kA
2025-01-07,A Woman Is a Woman,1961,https://boxd.it/1iUC
2025-01-07,Two in the Shadow,1967,https://boxd.it/49dU
2025-01-07,The Bride Wore Black,1968,https://boxd.it/24Ia
2025-01-07,Cries and Whispers,1972,https://boxd.it/1WK8
2025-01-07,The Holy Mountain,1973,https://boxd.it/20mu
2025-01-07,The Fugitive Kind,1960,https://boxd.it/JLq
2025-01-07,Stalker,1979,https://boxd.it/28PO
2025-01-07,Liquid Sky,1982,https://boxd.it/1CBA
2025-01-07,Stranger Than Paradise,1984,https://boxd.it/2ajU
2025-01-07,Blue Velvet,1986,https://boxd.it/29BI
2025-01-07,The Fabulous Baron Munchausen,1962,https://boxd.it/ZV2
2025-01-07,Rhapsody in August,1991,https://boxd.it/1D8a
2025-01-09,Velvet Goldmine,1998,https://boxd.it/2878
2025-01-09,Enter the Void,2009,https://boxd.it/1dy2
2025-01-09,Princess Kaguya,1972,https://boxd.it/MUDI
2025-01-09,Phantom Thread,2017,https://boxd.it/e4uc
2025-01-09,The Shape of Water,2017,https://boxd.it/dZ5m
2025-01-09,Green Book,2018,https://boxd.it/hErk
2025-01-09,Isle of Dogs,2018,https://boxd.it/dZrW
2025-01-28,Three Colours: Blue,1993,https://boxd.it/2b7K
2025-01-28,Three Colours: Red,1994,https://boxd.it/2b7q
2025-01-28,Three Colours: White,1994,https://boxd.it/2b7A
2025-01-28,Through a Glass Darkly,1961,https://boxd.it/1TrW
2025-02-17,The Man Who Shot Liberty Valance,1962,https://boxd.it/1Tdg
2025-03-28,The Legend of 1900,1998,https://boxd.it/1WpY
2025-04-15,Violent Cop,1989,https://boxd.it/1Rym
2025-05-26,The Jester,1987,https://boxd.it/4dcG
2025-05-26,Zéfiro,1993,https://boxd.it/c3PE
2025-05-26,Lent,2003,https://boxd.it/6sPM
2025-05-26,Moonfish,2000,https://boxd.it/7Lpg
2025-05-26,Ma Femme Chamada Bicho,1978,https://boxd.it/8Rqm
2025-05-27,The Outlaw Josey Wales,1976,https://boxd.it/1VuS
2025-07-12,A Bullet for the General,1967,https://boxd.it/18ym
2025-07-12,The Long Goodbye,1973,https://boxd.it/281O
2025-07-17,The Monster,1994,https://boxd.it/1zZE
2025-08-04,Drive My Car,2021,https://boxd.it/sv94
2025-08-12,Time Masters,1982,https://boxd.it/1Atu
2025-08-21,Mighty Aphrodite,1995,https://boxd.it/1TPu
2025-10-31,Death Is a Caress,1949,https://boxd.it/36Tm
2025-10-31,The Hitch-Hiker,1953,https://boxd.it/ZjC
2025-10-31,The Teckman Mystery,1954,https://boxd.it/6PlA
2025-10-31,Hideout in the Sun,1960,https://boxd.it/5HBI
2025-10-31,Eyewitness,1956,https://boxd.it/5g4s
2025-10-31,Strange Days,1995,https://boxd.it/2aGO
2025-10-31,Variety,1983,https://boxd.it/305A
2025-10-31,Bound,1996,https://boxd.it/1Z1g
2025-11-11,No Other Choice,2025,https://boxd.it/nKiA
2025-12-07,Another Round,2020,https://boxd.it/lkba
2025-12-09,F.I.S.T.,1978,https://boxd.it/1oxu
2025-12-20,I Know Where I'm Going!,1945,https://boxd.it/pQU
2025-12-20,Street Smart,1987,https://boxd.it/fyQ
2025-12-20,The Hit,1984,https://boxd.it/1EOc
2025-12-20,Mona Lisa,1986,https://boxd.it/1XkA
2025-12-20,Trouble in Mind,1985,https://boxd.it/1ivW
2025-12-20,The Bedroom Window,1987,https://boxd.it/14wG
2025-12-20,Cohen and Tate,1988,https://boxd.it/1hM8
2025-12-20,Crimes of Passion,1984,https://boxd.it/10Sy
2025-12-20,The Long Good Friday,1980,https://boxd.it/1NlS
2026-01-05,Wuthering Heights,1954,https://boxd.it/ULm
2026-01-05,Wuthering Heights,1939,https://boxd.it/25Mi
2026-01-05,The Exterminating Angel,1962,https://boxd.it/1nRS
2026-01-05,A Shot in the Dark,1964,https://boxd.it/28w8
2026-01-05,The Secret Agent,2025,https://boxd.it/KkUE
2026-01-11,Bitter Rice,1949,https://boxd.it/1jXs
2026-01-14,Bushido: The Cruel Code of the Samurai,1963,https://boxd.it/3bdq
2026-01-14,Tokyo March,1929,https://boxd.it/19yM
2026-01-16,The Sword of Doom,1966,https://boxd.it/1EoS
2026-02-21,Yokohama BJ Blues,1981,https://boxd.it/akjw
2026-02-21,13 Assassins,1963,https://boxd.it/A2w
2026-02-21,The Great Killing,1964,https://boxd.it/jmO
2026-02-21,The Fort of Death,1969,https://boxd.it/8sg2
2026-02-21,Aftermath of Battles Without Honor and Humanity,1979,https://boxd.it/5K5A
2026-02-25,The Great Beauty,2013,https://boxd.it/5ty6
2026-03-02,Giant,1956,https://boxd.it/28fQ
2026-03-03,Fireworks,1997,https://boxd.it/22mQ
2026-03-10,Lonely Are the Brave,1962,https://boxd.it/VxK
2026-03-12,Ninja Scroll,1993,https://boxd.it/1Ooe
2026-03-15,Sentimental Value,2025,https://boxd.it/GwcG
2026-03-18,"Ryuji, the Gun Slinger",1960,https://boxd.it/jLWS
2026-03-26,Modern Romance,1981,https://boxd.it/6Xi
2026-03-26,Get Carter,1971,https://boxd.it/28HU
2026-03-26,Bob le Flambeur,1956,https://boxd.it/1uC6
2026-03-26,The Inquisitor,1981,https://boxd.it/23p2
2026-03-26,The Last Detail,1973,https://boxd.it/1Nbe
2026-03-26,Girlfriends,1978,https://boxd.it/3JYU
2026-03-26,Jenny Lamour,1947,https://boxd.it/F3O
2026-03-26,The Man Who Loved Women,1977,https://boxd.it/28MK
2026-03-26,Vivre Sa Vie,1962,https://boxd.it/28s6
2026-03-31,Mikey and Nicky,1976,https://boxd.it/iL4
2026-03-31,The Devil's Advocate,1997,https://boxd.it/286k
2026-04-08,I Vitelloni,1953,https://boxd.it/1RJE
2026-04-08,Henry V,1944,https://boxd.it/1Agq
2026-04-08,The Treasure of the Sierra Madre,1948,https://boxd.it/25Lk
2026-04-08,Roxie Hart,1942,https://boxd.it/m7C
2026-04-08,I Am a Fugitive from a Chain Gang,1932,https://boxd.it/1mNg
2026-04-08,Bad Day at Black Rock,1955,https://boxd.it/1NRk
2026-04-08,The Magnificent Ambersons,1942,https://boxd.it/29bK
2026-04-08,The Best Years of Our Lives,1946,https://boxd.it/29my
2026-04-08,Umberto D.,1952,https://boxd.it/29vg
2026-04-12,Out of the Past,1947,https://boxd.it/29PK
2026-04-12,Touch of Evil,1958,https://boxd.it/28II
2026-04-20,The Killing,1956,https://boxd.it/2aMi
2026-04-21,Boiling Point,1990,https://boxd.it/1sQA
2026-04-21,The Movement of Things,1985,https://boxd.it/ayZ2
2026-04-22,The Funeral,1996,https://boxd.it/1BC8
2026-04-28,The Daytrippers,1996,https://boxd.it/F9i
2026-04-28,Down by Law,1986,https://boxd.it/28CA
2026-05-04,Eat Drink Man Woman,1994,https://boxd.it/1Wem
2026-05-04,The Lunchbox,2013,https://boxd.it/5MOs
2026-05-04,The God of Cookery,1996,https://boxd.it/ZB2
2026-05-04,Big Night,1996,https://boxd.it/1HnI
2026-05-04,The Taste of Things,2023,https://boxd.it/Arke
2026-05-05,The Great Silence,1968,https://boxd.it/1ZlA
2026-05-05,The Public Eye,1992,https://boxd.it/1iwg
2026-05-21,Thief,1981,https://boxd.it/1TEc
2026-05-24,Aesthetics of a Bullet,1973,https://boxd.it/3yfu
2026-05-25,I Swear,2025,https://boxd.it/Og8k
2026-05-31,M,1951,https://boxd.it/1aHg
2026-06-02,Wait Until Dark,1967,https://boxd.it/1Unc
2026-06-13,The Killer,1989,https://boxd.it/1Vha
2026-06-13,Dr. Lamb,1992,https://boxd.it/12sW
2026-06-13,God of Gamblers,1989,https://boxd.it/1KsG
2026-06-14,Police Story,1985,https://boxd.it/1Zhe
2026-06-14,Made in Hong Kong,1997,https://boxd.it/1uFk
2026-06-14,Too Many Ways to Be No. 1,1997,https://boxd.it/3M4U
